id,np_user,id_menu
1,7020,1
2,7020,2
3,7020,3
4,7020,4
5,7020,5
6,7020,6
7,7020,7
8,7020,8
9,7020,9
10,7020,10
11,7020,11
12,7020,12
13,7020,13
14,7020,14
15,7020,15
16,7020,16
17,7020,17
18,7020,18
19,7020,19
20,7020,20
21,7020,21
22,7020,22
23,7020,23
24,7020,24
25,7197,1
26,7197,2
27,7197,3
28,7197,4
29,7197,5
30,7197,6
31,7197,7
32,7197,8
33,7197,9
34,7197,10
35,7197,11
36,7197,12
37,7197,13
38,7197,14
39,7197,15
40,7197,16
41,7197,17
42,7197,18
43,7197,19
44,7197,20
45,7197,21
46,7197,22
47,7197,23
48,7197,24
49,7198,1
50,7198,2
51,7198,3
52,7198,4
53,7198,5
54,7198,6
55,7198,7
56,7198,8
57,7198,9
58,7198,10
59,7198,11
60,7198,12
61,7198,13
62,7198,14
63,7198,15
64,7198,16
65,7198,17
66,7198,18
67,7198,19
68,7198,20
69,7198,21
70,7198,22
71,7198,23
72,7198,24
73,7199,1
74,7199,2
75,7199,3
76,7199,4
77,7199,5
78,7199,6
79,7199,7
80,7199,8
81,7199,9
82,7199,10
83,7199,11
84,7199,12
85,7199,13
86,7199,14
87,7199,15
88,7199,16
89,7199,17
90,7199,18
91,7199,19
92,7199,20
93,7199,21
94,7199,22
95,7199,23
96,7199,24
97,7201,1
98,7201,2
99,7201,3
100,7201,4
101,7201,5
102,7201,6
103,7201,7
104,7201,8
105,7201,9
106,7201,10
107,7201,11
108,7201,12
109,7201,13
110,7201,14
111,7201,15
112,7201,16
113,7201,17
114,7201,18
115,7201,19
116,7201,20
117,7201,21
118,7201,22
119,7201,23
120,7201,24
121,7202,1
122,7202,2
123,7202,3
124,7202,4
125,7202,5
126,7202,6
127,7202,7
128,7202,8
129,7202,9
130,7202,10
131,7202,11
132,7202,12
133,7202,13
134,7202,14
135,7202,15
136,7202,16
137,7202,17
138,7202,18
139,7202,19
140,7202,20
141,7202,21
142,7202,22
143,7202,23
144,7202,24
145,7205,1
146,7205,2
147,7205,3
148,7205,4
149,7205,5
150,7205,6
151,7205,7
152,7205,8
153,7205,9
154,7205,10
155,7205,11
156,7205,12
157,7205,13
158,7205,14
159,7205,15
160,7205,16
161,7205,17
162,7205,18
163,7205,19
164,7205,20
165,7205,21
166,7205,22
167,7205,23
168,7205,24
169,7206,1
170,7206,2
171,7206,3
172,7206,4
173,7206,5
174,7206,6
175,7206,7
176,7206,8
177,7206,9
178,7206,10
179,7206,11
180,7206,12
181,7206,13
182,7206,14
183,7206,15
184,7206,16
185,7206,17
186,7206,18
187,7206,19
188,7206,20
189,7206,21
190,7206,22
191,7206,23
192,7206,24
193,7418,1
194,7418,2
195,7418,3
196,7418,4
197,7418,5
198,7418,6
199,7418,7
200,7418,8
201,7418,9
202,7418,10
203,7418,11
204,7418,12
205,7418,13
206,7418,14
207,7418,15
208,7418,16
209,7418,17
210,7418,18
211,7418,19
212,7418,20
213,7418,21
214,7418,22
215,7418,23
216,7418,24
217,7423,1
218,7423,2
219,7423,3
220,7423,4
221,7423,5
222,7423,6
223,7423,7
224,7423,8
225,7423,9
226,7423,10
227,7423,11
228,7423,12
229,7423,13
230,7423,14
231,7423,15
232,7423,16
233,7423,17
234,7423,18
235,7423,19
236,7423,20
237,7423,21
238,7423,22
239,7423,23
240,7423,24
241,7426,1
242,7426,2
243,7426,3
244,7426,4
245,7426,5
246,7426,6
247,7426,7
248,7426,8
249,7426,9
250,7426,10
251,7426,11
252,7426,12
253,7426,13
254,7426,14
255,7426,15
256,7426,16
257,7426,17
258,7426,18
259,7426,19
260,7426,20
261,7426,21
262,7426,22
263,7426,23
264,7426,24
265,7437,1
266,7437,2
267,7437,3
268,7437,4
269,7437,5
270,7437,6
271,7437,7
272,7437,8
273,7437,9
274,7437,10
275,7437,11
276,7437,12
277,7437,13
278,7437,14
279,7437,15
280,7437,16
281,7437,17
282,7437,18
283,7437,19
284,7437,20
285,7437,21
286,7437,22
287,7437,23
288,7437,24
289,7443,1
290,7443,2
291,7443,3
292,7443,4
293,7443,5
294,7443,6
295,7443,7
296,7443,8
297,7443,9
298,7443,10
299,7443,11
300,7443,12
301,7443,13
302,7443,14
303,7443,15
304,7443,16
305,7443,17
306,7443,18
307,7443,19
308,7443,20
309,7443,21
310,7443,22
311,7443,23
312,7443,24
313,G715,1
314,G715,2
315,G715,3
316,G715,4
317,G715,5
318,G715,6
319,G715,7
320,G715,8
321,G715,9
322,G715,10
323,G715,11
324,G715,12
325,G715,13
326,G715,14
327,G715,15
328,G715,16
329,G715,17
330,G715,18
331,G715,19
332,G715,20
333,G715,21
334,G715,22
335,G715,23
336,G715,24
337,G752,1
338,G752,2
339,G752,3
340,G752,4
341,G752,5
342,G752,6
343,G752,7
344,G752,8
345,G752,9
346,G752,10
347,G752,11
348,G752,12
349,G752,13
350,G752,14
351,G752,15
352,G752,16
353,G752,17
354,G752,18
355,G752,19
356,G752,20
357,G752,21
358,G752,22
359,G752,23
360,G752,24
361,G763,1
362,G763,2
363,G763,3
364,G763,4
365,G763,5
366,G763,6
367,G763,7
368,G763,8
369,G763,9
370,G763,10
371,G763,11
372,G763,12
373,G763,13
374,G763,14
375,G763,15
376,G763,16
377,G763,17
378,G763,18
379,G763,19
380,G763,20
381,G763,21
382,G763,22
383,G763,23
384,G763,24
385,G834,1
386,G834,2
387,G834,3
388,G834,4
389,G834,5
390,G834,6
391,G834,7
392,G834,8
393,G834,9
394,G834,10
395,G834,11
396,G834,12
397,G834,13
398,G834,14
399,G834,15
400,G834,16
401,G834,17
402,G834,18
403,G834,19
404,G834,20
405,G834,21
406,G834,22
407,G834,23
408,G834,24
409,G840,1
410,G840,2
411,G840,3
412,G840,4
413,G840,5
414,G840,6
415,G840,7
416,G840,8
417,G840,9
418,G840,10
419,G840,11
420,G840,12
421,G840,13
422,G840,14
423,G840,15
424,G840,16
425,G840,17
426,G840,18
427,G840,19
428,G840,20
429,G840,21
430,G840,22
431,G840,23
432,G840,24
433,G849,1
434,G849,2
435,G849,3
436,G849,4
437,G849,5
438,G849,6
439,G849,7
440,G849,8
441,G849,9
442,G849,10
443,G849,11
444,G849,12
445,G849,13
446,G849,14
447,G849,15
448,G849,16
449,G849,17
450,G849,18
451,G849,19
452,G849,20
453,G849,21
454,G849,22
455,G849,23
456,G849,24
457,H006,1
458,H006,2
459,H006,3
460,H006,4
461,H006,5
462,H006,6
463,H006,7
464,H006,8
465,H006,9
466,H006,10
467,H006,11
468,H006,12
469,H006,13
470,H006,14
471,H006,15
472,H006,16
473,H006,17
474,H006,18
475,H006,19
476,H006,20
477,H006,21
478,H006,22
479,H006,23
480,H006,24
481,H028,1
482,H028,2
483,H028,3
484,H028,4
485,H028,5
486,H028,6
487,H028,7
488,H028,8
489,H028,9
490,H028,10
491,H028,11
492,H028,12
493,H028,13
494,H028,14
495,H028,15
496,H028,16
497,H028,17
498,H028,18
499,H028,19
500,H028,20
501,H028,21
502,H028,22
503,H028,23
504,H028,24
505,H071,1
506,H071,2
507,H071,3
508,H071,4
509,H071,5
510,H071,6
511,H071,7
512,H071,8
513,H071,9
514,H071,10
515,H071,11
516,H071,12
517,H071,13
518,H071,14
519,H071,15
520,H071,16
521,H071,17
522,H071,18
523,H071,19
524,H071,20
525,H071,21
526,H071,22
527,H071,23
528,H071,24
529,H109,1
530,H109,2
531,H109,3
532,H109,4
533,H109,5
534,H109,6
535,H109,7
536,H109,8
537,H109,9
538,H109,10
539,H109,11
540,H109,12
541,H109,13
542,H109,14
543,H109,15
544,H109,16
545,H109,17
546,H109,18
547,H109,19
548,H109,20
549,H109,21
550,H109,22
551,H109,23
552,H109,24
553,H114,1
554,H114,2
555,H114,3
556,H114,4
557,H114,5
558,H114,6
559,H114,7
560,H114,8
561,H114,9
562,H114,10
563,H114,11
564,H114,12
565,H114,13
566,H114,14
567,H114,15
568,H114,16
569,H114,17
570,H114,18
571,H114,19
572,H114,20
573,H114,21
574,H114,22
575,H114,23
576,H114,24
577,H119,1
578,H119,2
579,H119,3
580,H119,4
581,H119,5
582,H119,6
583,H119,7
584,H119,8
585,H119,9
586,H119,10
587,H119,11
588,H119,12
589,H119,13
590,H119,14
591,H119,15
592,H119,16
593,H119,17
594,H119,18
595,H119,19
596,H119,20
597,H119,21
598,H119,22
599,H119,23
600,H119,24
601,H123,1
602,H123,2
603,H123,3
604,H123,4
605,H123,5
606,H123,6
607,H123,7
608,H123,8
609,H123,9
610,H123,10
611,H123,11
612,H123,12
613,H123,13
614,H123,14
615,H123,15
616,H123,16
617,H123,17
618,H123,18
619,H123,19
620,H123,20
621,H123,21
622,H123,22
623,H123,23
624,H123,24
625,H186,1
626,H186,2
627,H186,3
628,H186,4
629,H186,5
630,H186,6
631,H186,7
632,H186,8
633,H186,9
634,H186,10
635,H186,11
636,H186,12
637,H186,13
638,H186,14
639,H186,15
640,H186,16
641,H186,17
642,H186,18
643,H186,19
644,H186,20
645,H186,21
646,H186,22
647,H186,23
648,H186,24
649,H190,1
650,H190,2
651,H190,3
652,H190,4
653,H190,5
654,H190,6
655,H190,7
656,H190,8
657,H190,9
658,H190,10
659,H190,11
660,H190,12
661,H190,13
662,H190,14
663,H190,15
664,H190,16
665,H190,17
666,H190,18
667,H190,19
668,H190,20
669,H190,21
670,H190,22
671,H190,23
672,H190,24
673,H191,1
674,H191,2
675,H191,3
676,H191,4
677,H191,5
678,H191,6
679,H191,7
680,H191,8
681,H191,9
682,H191,10
683,H191,11
684,H191,12
685,H191,13
686,H191,14
687,H191,15
688,H191,16
689,H191,17
690,H191,18
691,H191,19
692,H191,20
693,H191,21
694,H191,22
695,H191,23
696,H191,24
697,H192,1
698,H192,2
699,H192,3
700,H192,4
701,H192,5
702,H192,6
703,H192,7
704,H192,8
705,H192,9
706,H192,10
707,H192,11
708,H192,12
709,H192,13
710,H192,14
711,H192,15
712,H192,16
713,H192,17
714,H192,18
715,H192,19
716,H192,20
717,H192,21
718,H192,22
719,H192,23
720,H192,24
721,H193,1
722,H193,2
723,H193,3
724,H193,4
725,H193,5
726,H193,6
727,H193,7
728,H193,8
729,H193,9
730,H193,10
731,H193,11
732,H193,12
733,H193,13
734,H193,14
735,H193,15
736,H193,16
737,H193,17
738,H193,18
739,H193,19
740,H193,20
741,H193,21
742,H193,22
743,H193,23
744,H193,24
745,H194,1
746,H194,2
747,H194,3
748,H194,4
749,H194,5
750,H194,6
751,H194,7
752,H194,8
753,H194,9
754,H194,10
755,H194,11
756,H194,12
757,H194,13
758,H194,14
759,H194,15
760,H194,16
761,H194,17
762,H194,18
763,H194,19
764,H194,20
765,H194,21
766,H194,22
767,H194,23
768,H194,24
769,H195,1
770,H195,2
771,H195,3
772,H195,4
773,H195,5
774,H195,6
775,H195,7
776,H195,8
777,H195,9
778,H195,10
779,H195,11
780,H195,12
781,H195,13
782,H195,14
783,H195,15
784,H195,16
785,H195,17
786,H195,18
787,H195,19
788,H195,20
789,H195,21
790,H195,22
791,H195,23
792,H195,24
793,H196,1
794,H196,2
795,H196,3
796,H196,4
797,H196,5
798,H196,6
799,H196,7
800,H196,8
801,H196,9
802,H196,10
803,H196,11
804,H196,12
805,H196,13
806,H196,14
807,H196,15
808,H196,16
809,H196,17
810,H196,18
811,H196,19
812,H196,20
813,H196,21
814,H196,22
815,H196,23
816,H196,24
817,H198,1
818,H198,2
819,H198,3
820,H198,4
821,H198,5
822,H198,6
823,H198,7
824,H198,8
825,H198,9
826,H198,10
827,H198,11
828,H198,12
829,H198,13
830,H198,14
831,H198,15
832,H198,16
833,H198,17
834,H198,18
835,H198,19
836,H198,20
837,H198,21
838,H198,22
839,H198,23
840,H198,24
841,H199,1
842,H199,2
843,H199,3
844,H199,4
845,H199,5
846,H199,6
847,H199,7
848,H199,8
849,H199,9
850,H199,10
851,H199,11
852,H199,12
853,H199,13
854,H199,14
855,H199,15
856,H199,16
857,H199,17
858,H199,18
859,H199,19
860,H199,20
861,H199,21
862,H199,22
863,H199,23
864,H199,24
865,H200,1
866,H200,2
867,H200,3
868,H200,4
869,H200,5
870,H200,6
871,H200,7
872,H200,8
873,H200,9
874,H200,10
875,H200,11
876,H200,12
877,H200,13
878,H200,14
879,H200,15
880,H200,16
881,H200,17
882,H200,18
883,H200,19
884,H200,20
885,H200,21
886,H200,22
887,H200,23
888,H200,24
889,I402,1
890,I402,2
891,I402,3
892,I402,4
893,I402,5
894,I402,6
895,I402,7
896,I402,8
897,I402,9
898,I402,10
899,I402,11
900,I402,12
901,I402,13
902,I402,14
903,I402,15
904,I402,16
905,I402,17
906,I402,18
907,I402,19
908,I402,20
909,I402,21
910,I402,22
911,I402,23
912,I402,24
913,I403,1
914,I403,2
915,I403,3
916,I403,4
917,I403,5
918,I403,6
919,I403,7
920,I403,8
921,I403,9
922,I403,10
923,I403,11
924,I403,12
925,I403,13
926,I403,14
927,I403,15
928,I403,16
929,I403,17
930,I403,18
931,I403,19
932,I403,20
933,I403,21
934,I403,22
935,I403,23
936,I403,24
937,I404,1
938,I404,2
939,I404,3
940,I404,4
941,I404,5
942,I404,6
943,I404,7
944,I404,8
945,I404,9
946,I404,10
947,I404,11
948,I404,12
949,I404,13
950,I404,14
951,I404,15
952,I404,16
953,I404,17
954,I404,18
955,I404,19
956,I404,20
957,I404,21
958,I404,22
959,I404,23
960,I404,24
961,I405,1
962,I405,2
963,I405,3
964,I405,4
965,I405,5
966,I405,6
967,I405,7
968,I405,8
969,I405,9
970,I405,10
971,I405,11
972,I405,12
973,I405,13
974,I405,14
975,I405,15
976,I405,16
977,I405,17
978,I405,18
979,I405,19
980,I405,20
981,I405,21
982,I405,22
983,I405,23
984,I405,24
985,I406,1
986,I406,2
987,I406,3
988,I406,4
989,I406,5
990,I406,6
991,I406,7
992,I406,8
993,I406,9
994,I406,10
995,I406,11
996,I406,12
997,I406,13
998,I406,14
999,I406,15
1000,I406,16
1001,I406,17
1002,I406,18
1003,I406,19
1004,I406,20
1005,I406,21
1006,I406,22
1007,I406,23
1008,I406,24
1009,I407,1
1010,I407,2
1011,I407,3
1012,I407,4
1013,I407,5
1014,I407,6
1015,I407,7
1016,I407,8
1017,I407,9
1018,I407,10
1019,I407,11
1020,I407,12
1021,I407,13
1022,I407,14
1023,I407,15
1024,I407,16
1025,I407,17
1026,I407,18
1027,I407,19
1028,I407,20
1029,I407,21
1030,I407,22
1031,I407,23
1032,I407,24
1033,I409,1
1034,I409,2
1035,I409,3
1036,I409,4
1037,I409,5
1038,I409,6
1039,I409,7
1040,I409,8
1041,I409,9
1042,I409,10
1043,I409,11
1044,I409,12
1045,I409,13
1046,I409,14
1047,I409,15
1048,I409,16
1049,I409,17
1050,I409,18
1051,I409,19
1052,I409,20
1053,I409,21
1054,I409,22
1055,I409,23
1056,I409,24
1057,I411,1
1058,I411,2
1059,I411,3
1060,I411,4
1061,I411,5
1062,I411,6
1063,I411,7
1064,I411,8
1065,I411,9
1066,I411,10
1067,I411,11
1068,I411,12
1069,I411,13
1070,I411,14
1071,I411,15
1072,I411,16
1073,I411,17
1074,I411,18
1075,I411,19
1076,I411,20
1077,I411,21
1078,I411,22
1079,I411,23
1080,I411,24
1081,I417,1
1082,I417,2
1083,I417,3
1084,I417,4
1085,I417,5
1086,I417,6
1087,I417,7
1088,I417,8
1089,I417,9
1090,I417,10
1091,I417,11
1092,I417,12
1093,I417,13
1094,I417,14
1095,I417,15
1096,I417,16
1097,I417,17
1098,I417,18
1099,I417,19
1100,I417,20
1101,I417,21
1102,I417,22
1103,I417,23
1104,I417,24
1105,I418,1
1106,I418,2
1107,I418,3
1108,I418,4
1109,I418,5
1110,I418,6
1111,I418,7
1112,I418,8
1113,I418,9
1114,I418,10
1115,I418,11
1116,I418,12
1117,I418,13
1118,I418,14
1119,I418,15
1120,I418,16
1121,I418,17
1122,I418,18
1123,I418,19
1124,I418,20
1125,I418,21
1126,I418,22
1127,I418,23
1128,I418,24
1129,I420,1
1130,I420,2
1131,I420,3
1132,I420,4
1133,I420,5
1134,I420,6
1135,I420,7
1136,I420,8
1137,I420,9
1138,I420,10
1139,I420,11
1140,I420,12
1141,I420,13
1142,I420,14
1143,I420,15
1144,I420,16
1145,I420,17
1146,I420,18
1147,I420,19
1148,I420,20
1149,I420,21
1150,I420,22
1151,I420,23
1152,I420,24
1153,I421,1
1154,I421,2
1155,I421,3
1156,I421,4
1157,I421,5
1158,I421,6
1159,I421,7
1160,I421,8
1161,I421,9
1162,I421,10
1163,I421,11
1164,I421,12
1165,I421,13
1166,I421,14
1167,I421,15
1168,I421,16
1169,I421,17
1170,I421,18
1171,I421,19
1172,I421,20
1173,I421,21
1174,I421,22
1175,I421,23
1176,I421,24
1177,I423,1
1178,I423,2
1179,I423,3
1180,I423,4
1181,I423,5
1182,I423,6
1183,I423,7
1184,I423,8
1185,I423,9
1186,I423,10
1187,I423,11
1188,I423,12
1189,I423,13
1190,I423,14
1191,I423,15
1192,I423,16
1193,I423,17
1194,I423,18
1195,I423,19
1196,I423,20
1197,I423,21
1198,I423,22
1199,I423,23
1200,I423,24
1201,I424,1
1202,I424,2
1203,I424,3
1204,I424,4
1205,I424,5
1206,I424,6
1207,I424,7
1208,I424,8
1209,I424,9
1210,I424,10
1211,I424,11
1212,I424,12
1213,I424,13
1214,I424,14
1215,I424,15
1216,I424,16
1217,I424,17
1218,I424,18
1219,I424,19
1220,I424,20
1221,I424,21
1222,I424,22
1223,I424,23
1224,I424,24
1225,I425,1
1226,I425,2
1227,I425,3
1228,I425,4
1229,I425,5
1230,I425,6
1231,I425,7
1232,I425,8
1233,I425,9
1234,I425,10
1235,I425,11
1236,I425,12
1237,I425,13
1238,I425,14
1239,I425,15
1240,I425,16
1241,I425,17
1242,I425,18
1243,I425,19
1244,I425,20
1245,I425,21
1246,I425,22
1247,I425,23
1248,I425,24
1249,I426,1
1250,I426,2
1251,I426,3
1252,I426,4
1253,I426,5
1254,I426,6
1255,I426,7
1256,I426,8
1257,I426,9
1258,I426,10
1259,I426,11
1260,I426,12
1261,I426,13
1262,I426,14
1263,I426,15
1264,I426,16
1265,I426,17
1266,I426,18
1267,I426,19
1268,I426,20
1269,I426,21
1270,I426,22
1271,I426,23
1272,I426,24
1273,I428,1
1274,I428,2
1275,I428,3
1276,I428,4
1277,I428,5
1278,I428,6
1279,I428,7
1280,I428,8
1281,I428,9
1282,I428,10
1283,I428,11
1284,I428,12
1285,I428,13
1286,I428,14
1287,I428,15
1288,I428,16
1289,I428,17
1290,I428,18
1291,I428,19
1292,I428,20
1293,I428,21
1294,I428,22
1295,I428,23
1296,I428,24
1297,I429,1
1298,I429,2
1299,I429,3
1300,I429,4
1301,I429,5
1302,I429,6
1303,I429,7
1304,I429,8
1305,I429,9
1306,I429,10
1307,I429,11
1308,I429,12
1309,I429,13
1310,I429,14
1311,I429,15
1312,I429,16
1313,I429,17
1314,I429,18
1315,I429,19
1316,I429,20
1317,I429,21
1318,I429,22
1319,I429,23
1320,I429,24
1321,I430,1
1322,I430,2
1323,I430,3
1324,I430,4
1325,I430,5
1326,I430,6
1327,I430,7
1328,I430,8
1329,I430,9
1330,I430,10
1331,I430,11
1332,I430,12
1333,I430,13
1334,I430,14
1335,I430,15
1336,I430,16
1337,I430,17
1338,I430,18
1339,I430,19
1340,I430,20
1341,I430,21
1342,I430,22
1343,I430,23
1344,I430,24
1345,I431,1
1346,I431,2
1347,I431,3
1348,I431,4
1349,I431,5
1350,I431,6
1351,I431,7
1352,I431,8
1353,I431,9
1354,I431,10
1355,I431,11
1356,I431,12
1357,I431,13
1358,I431,14
1359,I431,15
1360,I431,16
1361,I431,17
1362,I431,18
1363,I431,19
1364,I431,20
1365,I431,21
1366,I431,22
1367,I431,23
1368,I431,24
1369,I432,1
1370,I432,2
1371,I432,3
1372,I432,4
1373,I432,5
1374,I432,6
1375,I432,7
1376,I432,8
1377,I432,9
1378,I432,10
1379,I432,11
1380,I432,12
1381,I432,13
1382,I432,14
1383,I432,15
1384,I432,16
1385,I432,17
1386,I432,18
1387,I432,19
1388,I432,20
1389,I432,21
1390,I432,22
1391,I432,23
1392,I432,24
1393,I434,1
1394,I434,2
1395,I434,3
1396,I434,4
1397,I434,5
1398,I434,6
1399,I434,7
1400,I434,8
1401,I434,9
1402,I434,10
1403,I434,11
1404,I434,12
1405,I434,13
1406,I434,14
1407,I434,15
1408,I434,16
1409,I434,17
1410,I434,18
1411,I434,19
1412,I434,20
1413,I434,21
1414,I434,22
1415,I434,23
1416,I434,24
1417,I435,1
1418,I435,2
1419,I435,3
1420,I435,4
1421,I435,5
1422,I435,6
1423,I435,7
1424,I435,8
1425,I435,9
1426,I435,10
1427,I435,11
1428,I435,12
1429,I435,13
1430,I435,14
1431,I435,15
1432,I435,16
1433,I435,17
1434,I435,18
1435,I435,19
1436,I435,20
1437,I435,21
1438,I435,22
1439,I435,23
1440,I435,24
1441,I437,1
1442,I437,2
1443,I437,3
1444,I437,4
1445,I437,5
1446,I437,6
1447,I437,7
1448,I437,8
1449,I437,9
1450,I437,10
1451,I437,11
1452,I437,12
1453,I437,13
1454,I437,14
1455,I437,15
1456,I437,16
1457,I437,17
1458,I437,18
1459,I437,19
1460,I437,20
1461,I437,21
1462,I437,22
1463,I437,23
1464,I437,24
1465,I439,1
1466,I439,2
1467,I439,3
1468,I439,4
1469,I439,5
1470,I439,6
1471,I439,7
1472,I439,8
1473,I439,9
1474,I439,10
1475,I439,11
1476,I439,12
1477,I439,13
1478,I439,14
1479,I439,15
1480,I439,16
1481,I439,17
1482,I439,18
1483,I439,19
1484,I439,20
1485,I439,21
1486,I439,22
1487,I439,23
1488,I439,24
1489,I441,1
1490,I441,2
1491,I441,3
1492,I441,4
1493,I441,5
1494,I441,6
1495,I441,7
1496,I441,8
1497,I441,9
1498,I441,10
1499,I441,11
1500,I441,12
1501,I441,13
1502,I441,14
1503,I441,15
1504,I441,16
1505,I441,17
1506,I441,18
1507,I441,19
1508,I441,20
1509,I441,21
1510,I441,22
1511,I441,23
1512,I441,24
1513,I442,1
1514,I442,2
1515,I442,3
1516,I442,4
1517,I442,5
1518,I442,6
1519,I442,7
1520,I442,8
1521,I442,9
1522,I442,10
1523,I442,11
1524,I442,12
1525,I442,13
1526,I442,14
1527,I442,15
1528,I442,16
1529,I442,17
1530,I442,18
1531,I442,19
1532,I442,20
1533,I442,21
1534,I442,22
1535,I442,23
1536,I442,24
1537,I444,1
1538,I444,2
1539,I444,3
1540,I444,4
1541,I444,5
1542,I444,6
1543,I444,7
1544,I444,8
1545,I444,9
1546,I444,10
1547,I444,11
1548,I444,12
1549,I444,13
1550,I444,14
1551,I444,15
1552,I444,16
1553,I444,17
1554,I444,18
1555,I444,19
1556,I444,20
1557,I444,21
1558,I444,22
1559,I444,23
1560,I444,24
1561,I704,1
1562,I704,2
1563,I704,3
1564,I704,4
1565,I704,5
1566,I704,6
1567,I704,7
1568,I704,8
1569,I704,9
1570,I704,10
1571,I704,11
1572,I704,12
1573,I704,13
1574,I704,14
1575,I704,15
1576,I704,16
1577,I704,17
1578,I704,18
1579,I704,19
1580,I704,20
1581,I704,21
1582,I704,22
1583,I704,23
1584,I704,24
1585,J370,1
1586,J370,2
1587,J370,3
1588,J370,4
1589,J370,5
1590,J370,6
1591,J370,7
1592,J370,8
1593,J370,9
1594,J370,10
1595,J370,11
1596,J370,12
1597,J370,13
1598,J370,14
1599,J370,15
1600,J370,16
1601,J370,17
1602,J370,18
1603,J370,19
1604,J370,20
1605,J370,21
1606,J370,22
1607,J370,23
1608,J370,24
1609,J372,1
1610,J372,2
1611,J372,3
1612,J372,4
1613,J372,5
1614,J372,6
1615,J372,7
1616,J372,8
1617,J372,9
1618,J372,10
1619,J372,11
1620,J372,12
1621,J372,13
1622,J372,14
1623,J372,15
1624,J372,16
1625,J372,17
1626,J372,18
1627,J372,19
1628,J372,20
1629,J372,21
1630,J372,22
1631,J372,23
1632,J372,24
1633,J373,1
1634,J373,2
1635,J373,3
1636,J373,4
1637,J373,5
1638,J373,6
1639,J373,7
1640,J373,8
1641,J373,9
1642,J373,10
1643,J373,11
1644,J373,12
1645,J373,13
1646,J373,14
1647,J373,15
1648,J373,16
1649,J373,17
1650,J373,18
1651,J373,19
1652,J373,20
1653,J373,21
1654,J373,22
1655,J373,23
1656,J373,24
1657,J374,1
1658,J374,2
1659,J374,3
1660,J374,4
1661,J374,5
1662,J374,6
1663,J374,7
1664,J374,8
1665,J374,9
1666,J374,10
1667,J374,11
1668,J374,12
1669,J374,13
1670,J374,14
1671,J374,15
1672,J374,16
1673,J374,17
1674,J374,18
1675,J374,19
1676,J374,20
1677,J374,21
1678,J374,22
1679,J374,23
1680,J374,24
1681,J375,1
1682,J375,2
1683,J375,3
1684,J375,4
1685,J375,5
1686,J375,6
1687,J375,7
1688,J375,8
1689,J375,9
1690,J375,10
1691,J375,11
1692,J375,12
1693,J375,13
1694,J375,14
1695,J375,15
1696,J375,16
1697,J375,17
1698,J375,18
1699,J375,19
1700,J375,20
1701,J375,21
1702,J375,22
1703,J375,23
1704,J375,24
1705,J379,1
1706,J379,2
1707,J379,3
1708,J379,4
1709,J379,5
1710,J379,6
1711,J379,7
1712,J379,8
1713,J379,9
1714,J379,10
1715,J379,11
1716,J379,12
1717,J379,13
1718,J379,14
1719,J379,15
1720,J379,16
1721,J379,17
1722,J379,18
1723,J379,19
1724,J379,20
1725,J379,21
1726,J379,22
1727,J379,23
1728,J379,24
1729,J381,1
1730,J381,2
1731,J381,3
1732,J381,4
1733,J381,5
1734,J381,6
1735,J381,7
1736,J381,8
1737,J381,9
1738,J381,10
1739,J381,11
1740,J381,12
1741,J381,13
1742,J381,14
1743,J381,15
1744,J381,16
1745,J381,17
1746,J381,18
1747,J381,19
1748,J381,20
1749,J381,21
1750,J381,22
1751,J381,23
1752,J381,24
1753,J391,1
1754,J391,2
1755,J391,3
1756,J391,4
1757,J391,5
1758,J391,6
1759,J391,7
1760,J391,8
1761,J391,9
1762,J391,10
1763,J391,11
1764,J391,12
1765,J391,13
1766,J391,14
1767,J391,15
1768,J391,16
1769,J391,17
1770,J391,18
1771,J391,19
1772,J391,20
1773,J391,21
1774,J391,22
1775,J391,23
1776,J391,24
1777,J392,1
1778,J392,2
1779,J392,3
1780,J392,4
1781,J392,5
1782,J392,6
1783,J392,7
1784,J392,8
1785,J392,9
1786,J392,10
1787,J392,11
1788,J392,12
1789,J392,13
1790,J392,14
1791,J392,15
1792,J392,16
1793,J392,17
1794,J392,18
1795,J392,19
1796,J392,20
1797,J392,21
1798,J392,22
1799,J392,23
1800,J392,24
1801,J393,1
1802,J393,2
1803,J393,3
1804,J393,4
1805,J393,5
1806,J393,6
1807,J393,7
1808,J393,8
1809,J393,9
1810,J393,10
1811,J393,11
1812,J393,12
1813,J393,13
1814,J393,14
1815,J393,15
1816,J393,16
1817,J393,17
1818,J393,18
1819,J393,19
1820,J393,20
1821,J393,21
1822,J393,22
1823,J393,23
1824,J393,24
1825,J394,1
1826,J394,2
1827,J394,3
1828,J394,4
1829,J394,5
1830,J394,6
1831,J394,7
1832,J394,8
1833,J394,9
1834,J394,10
1835,J394,11
1836,J394,12
1837,J394,13
1838,J394,14
1839,J394,15
1840,J394,16
1841,J394,17
1842,J394,18
1843,J394,19
1844,J394,20
1845,J394,21
1846,J394,22
1847,J394,23
1848,J394,24
1849,J395,1
1850,J395,2
1851,J395,3
1852,J395,4
1853,J395,5
1854,J395,6
1855,J395,7
1856,J395,8
1857,J395,9
1858,J395,10
1859,J395,11
1860,J395,12
1861,J395,13
1862,J395,14
1863,J395,15
1864,J395,16
1865,J395,17
1866,J395,18
1867,J395,19
1868,J395,20
1869,J395,21
1870,J395,22
1871,J395,23
1872,J395,24
1873,J441,1
1874,J441,2
1875,J441,3
1876,J441,4
1877,J441,5
1878,J441,6
1879,J441,7
1880,J441,8
1881,J441,9
1882,J441,10
1883,J441,11
1884,J441,12
1885,J441,13
1886,J441,14
1887,J441,15
1888,J441,16
1889,J441,17
1890,J441,18
1891,J441,19
1892,J441,20
1893,J441,21
1894,J441,22
1895,J441,23
1896,J441,24
